nombre,numero,email
Adrian,99,ornare.libero@et.co.uk
Gabriel,19,neque.et@odio.edu
Erich,17,aenean.sed@tristique.edu
Baker,71,nunc.ullamcorper.velit@nulla.edu
Melissa,27,sem.mollis@mipedenonummy.ca
Venus,79,lobortis.risus@praesentluctus.ca
McKenzie,100,arcu.eu.odio@vitaeeratvivamus.org
Charde,99,ultrices.iaculis@conubianostra.edu
Cara,79,in@nisi.ca
Julie,74,tristique.pellentesque.tellus@magnisdis.net
Akeem,52,proin.non@magnisdis.org
Inez,38,lectus@egetnisi.net
Lionel,11,posuere@adipiscinglacus.edu
Fulton,70,mauris@lobortisultrices.net
Cheyenne,26,a.aliquet@etrisusquisque.ca
Mechelle,79,neque.pellentesque@vitaediamproin.net
Hedwig,49,et.risus@idsapiencras.edu
Danielle,42,molestie.tortor@lectusquismassa.org
Jeanette,28,eu.metus@inlorem.com
Dana,6,eu.tellus@ipsumsuspendisse.co.uk
